target	querry
18152puebel	17996indbel
18161puebel	17996indbel
18172puebel	17996indbel
18174puebel	17996indbel
18180puebel	17996indbel
18152puebel	17998indbel
18161puebel	17998indbel
18172puebel	17998indbel
18174puebel	17998indbel
18180puebel	17998indbel
18161puebel	18152puebel
18172puebel	18152puebel
18174puebel	18152puebel
18180puebel	18152puebel
18152puebel	18161puebel
18172puebel	18161puebel
18174puebel	18161puebel
18180puebel	18161puebel
18152puebel	18172puebel
18161puebel	18172puebel
18174puebel	18172puebel
18180puebel	18172puebel
18152puebel	18174puebel
18161puebel	18174puebel
18172puebel	18174puebel
18180puebel	18174puebel
18152puebel	18180puebel
18161puebel	18180puebel
18172puebel	18180puebel
18174puebel	18180puebel
18152puebel	18195indbel
18161puebel	18195indbel
18172puebel	18195indbel
18174puebel	18195indbel
18180puebel	18195indbel
18152puebel	18226indbel
18161puebel	18226indbel
18172puebel	18226indbel
18174puebel	18226indbel
18180puebel	18226indbel
18152puebel	18237indbel
18161puebel	18237indbel
18172puebel	18237indbel
18174puebel	18237indbel
18180puebel	18237indbel
18152puebel	18267unibel
18161puebel	18267unibel
18172puebel	18267unibel
18174puebel	18267unibel
18180puebel	18267unibel
18152puebel	18274unibel
18161puebel	18274unibel
18172puebel	18274unibel
18174puebel	18274unibel
18180puebel	18274unibel
18152puebel	18276unibel
18161puebel	18276unibel
18172puebel	18276unibel
18174puebel	18276unibel
18180puebel	18276unibel
18152puebel	18426puepan
18161puebel	18426puepan
18172puebel	18426puepan
18174puebel	18426puepan
18180puebel	18426puepan
18152puebel	18429puepan
18161puebel	18429puepan
18172puebel	18429puepan
18174puebel	18429puepan
18180puebel	18429puepan
18152puebel	18432puepan
18161puebel	18432puepan
18172puebel	18432puepan
18174puebel	18432puepan
18180puebel	18432puepan
18152puebel	18912puepan
18161puebel	18912puepan
18172puebel	18912puepan
18174puebel	18912puepan
18180puebel	18912puepan
18152puebel	20092unibel
18161puebel	20092unibel
18172puebel	20092unibel
18174puebel	20092unibel
18180puebel	20092unibel
18152puebel	20128unibel
18161puebel	20128unibel
18172puebel	20128unibel
18174puebel	20128unibel
18180puebel	20128unibel
18152puebel	27678puepan
18161puebel	27678puepan
18172puebel	27678puepan
18174puebel	27678puepan
18180puebel	27678puepan
